rec_id, culture, sex, age, date_of_birth, title, given_name, surname, state, suburb, postcode, street_number, address_1, address_2, phone_number, soc_sec_id, blocking_number, family_role
rec-210-org,   unk, f, 32, 19841013, , georgia, scollard, qld, caffey, 2138, 50, lawrence wackett crescent, suffolk downs, , 2154321, 3, NoRole
rec-37-org,   ind, m, 21, 19950414, pfc, william, partha, , frankston, 3047, 13, mellish place, , 02 54375669, 9636113, 6, NoRole
rec-457-dup-0, ind, , 36, 19800131, , jerome, sammta, vic, rocklands, 4714, 763, cromwell circuit, , , 8390018, 4, NoRole
rec-18-org,   rus, f, 28, 19880920, , nacoya, golovina, qld, burleigh heads, 5091, 14, goode street, , 03 93186111, 7584083, 1, NoRole
rec-106-dup-0, usa, f, 11, 20050930, , betanie, stummers, fic, poort, 4077, 30, hillebrant street, , 08 27886571, 6818588, 4, NoRole
rec-182-org,   ira, m, 11, 20050918, ms, harry, , , brighton, 5066, 4, buntine crescent, emerald agrigultural college, 02 14629602, 1806159, 9, NoRole
rec-383-org,   usa, , 29, 19870229, , nicholas, bailey, nsw, north epping, 5607, 756, appel crescent, , 02 80555534, 4899273, 1, NoRole
rec-44-dup-0, ind, f, 72, 19890308, , amy, ramaswami, , ellindank, 2041, 26, warrumbuo street, , 02 72262239, 2253246, 2, NoRole
rec-321-org,   usa, , 26, 19900913, ms, harley, larson, vic, piangil, 2360, 11, julia flynn avenue, , 618 44095689, 7654578, 9, NoRole
rec-443-org,   fin, f, 30, 19860608, , isabella, sallinen, nsw, coolah, 2227, 10, frencham place, , 02 28176371, 1100977, 2, NoRole
rec-203-org,   unk, f, 25, 19910422, , noah, straw, vic, spring gully, 4573, 145, beazley crescent, , 618 15728971, 8993685, 6, NoRole
rec-441-org,   eng, f, 10, 20061231, , kyle, kyles, , hazelwood park, 3011, 4, blamey crescent, , 03 70367631, 9169817, 6, NoRole
rec-65-org,   unk, f, 13, 20031021, ms, olivia, sckel, qld, bedourie, 2830, 11, aroona court, villa 2, 3 78862534, 3015307, 7, NoRole
rec-176-dup-0, eng, m, 29, 19870123, , steph nie, christoph erson, tas, lune river, 3152, , embleystreet, linto , 07 847 9480, 5446339, 3, NoRole
rec-120-org,   , f, 22, 19940320, , joshua, blake, qld, stanthorpe, 3028, 3, kingsmill street, rowethorpe, 613 31728424, 6647144, 0, NoRole
rec-194-dup-0, unk, , , 19721323, , olivxr, scme, nsw, fiddletown, 3536, , , , 612 16333820, 2419188, 7, NoRole
rec-2-org,   gre, m, 28, 19881128, ms, , rapti, nt, anula, 4716, 29, kirkham place, , 613 08878664, 8465992, 4, NoRole
rec-89-org,   usa, f, , 19840102, ms, kye, conner, , lilydale, 2082, 74, dianella street, kimberley grange, 07 34190329, 3694141, 4, NoRole
rec-359-org,   eng, f, 33, 19830515, mr, elizabeth, triggs, qld, pallarenda, 6111, 5, baldwin drive, riverside cp5, 03 35972015, 5789898, 6, NoRole
rec-247-org,   fin, m, 26, 19900211, , callie, peltonen, nsw, menangle park, 4566, 65, chippindall circuit, , 2 47719798, 4587558, 4, NoRole
rec-28-org,   usa, f, 27, 19891102, , brooke, craig, nsw, cecil park, 6030, 26, harris street, , , 8882438, 7, NoRole
rec-253-org,   usa, , 27, 19890112, ms, angus, wynn, vic, kotta, 2327, 16, somerset street, , 8 89435392, 2988818, 7, NoRole
rec-7-org,   abo, , 32, 19840604, , laura, marika, vic, jeparit, 6164, 41, shand place, , 618 10616216, 5249002, 2, NoRole
rec-155-org,   por, f, 12, 20040317, ms, macormack, demenses, nsw, mitchells flat, 2500, 16, habgood place, stationyards, 2 96707956, 7967229, 3, NoRole
rec-220-org,   usa, f, 29, 19870222, , madison, alexander, sa, whyte yarcowie, 4570, 177, wilsmore crescent, esk farm, 7 17903673, 6377129, 1, NoRole
rec-212-org,   eng, , 20, 19961215, pfc, alessandra, , vic, swan reach, 5037, 256, lorne place, kimbla, 08 63383727, 3699452, 7, NoRole
rec-294-org,   eng, f, 40, 19760410, , erin, dukeson, vic, combienbar, 4163, 14, brophy street, koolark, 618 18010881, 7244620, 1, NoRole
rec-499-org,   chi, , 21, 19950920, , oliver, yep, vic, club terrace, 7052, 56, amarina street, airlie, 618 72760099, 4172602, 3, NoRole
rec-424-org,   chi, , 31, , pfc, tristan, kin, vic, maidstone, 5031, 5, hawker street, , 08 12976326, 1017028, 6, NoRole
rec-325-org,   ind, f, 26, 19901210, mr, , vinita, , yelbeni, 7010, 5, , , 04 03284558, 9019565, 8, NoRole
rec-24-org,   nor, , 33, 19831115, , sarah, naustvik, nsw, vaucluse, 2071, 27, bruche road, , 612 04241692, 9362370, 7, NoRole
rec-215-org,   por, f, , 19980826, sgt, samuel, feijo, vic, tecoma, 2100, 41, totterdell street, , 08 54219477, 5215244, 6, NoRole
rec-491-org,   spa, f, 8, 20080331, , sophie, arevalo, sa, paringa, 2756, 28, bailey place, burrawang, 617 39189526, 4862033, 7, NoRole
rec-363-org,   spa, f, , 19630620, ms, connor, sarmiento, nsw, halfway creek, 3300, 1, alpen street, , 612 70551454, 7476572, 3, NoRole
rec-59-org,   ind, f, 23, 19931206, , jasper, shurpali, wa, rossmore, 4207, 2, gang gang court, kirklands, 618 46996646, 8033307, 9, NoRole
rec-295-org,   ind, , 25, 19910306, , neneh, satyanarayana, nsw, neville, 5251, 3482, port jackson circuit, , 02 93670681, 7049578, 2, NoRole
rec-182-dup-0, ira, m, 11, 20050918, mst, arry, , , briton, 5066, 4, buntine cresent, emerald agrigultural colleg, 02 14629602, 1806159, 9, NoRole
rec-437-org,   eng, , 32, 19840612, mr, lachlan, earls, , adelaide, 4872, 6, tenison-woods circuit, , 07 45510978, 3772641, 6, NoRole
rec-93-org,   sri, f, 31, 19850421, , jamie, liyanage, , lavington, 6233, 30, fawkner street, , 04 84484491, 7196853, 6, NoRole
rec-435-org,   ind, f, , 19140719, , thomas, chaudhary, nt, tiwi, 2176, 53, fitzhardinge crescent, , 3 80773287, 6254111, 3, NoRole
rec-174-org,   tha, f, , 19510318, , samuel, pridi, nsw, summerland point, 6714, 17, allambee street, , 612 63459149, 9422332, 1, NoRole
rec-78-org,   ser, f, 30, 19860401, , kyle, hren, vic, pura pura, 2913, 1614, hutt street, , 08 33040120, 9198087, 7, NoRole
rec-193-org,   ind, m, 30, 19860411, , samuel, gabba, qld, south johnstone, 2570, 4, namatjira drive, , 613 47362930, 5761122, 9, NoRole
rec-181-org,   ind, f, 24, 19920309, mr, , shubhabrata, nsw, woolloomooloo, 3011, 2058, bindaga street, , 2 08946918, 6603617, 5, NoRole
rec-214-org,   usa, f, 29, 19870321, , kelsy, wilder, qld, wilkesdale, 3122, 133, gundulu place, , 03 11350124, 5363917, 7, NoRole
rec-176-org,   eng, m, 29, 19870123, , stephanie, christopherson, tas, lune river, 3152, , embley street, linton, 07 84729480, 5446339, 3, NoRole
rec-387-org,   pak, m, 33, 19831030, dr, shannon, abassi, wa, viveash, 2137, 10, riddle place, mckail, 618 26840281, 6202753, 9, NoRole
rec-46-org,   chi, , 31, 19850825, , dylan, nye, nsw, hollydeen, 2305, 59, karrugang circuit, , 612 19846333, 2435790, 2, NoRole
rec-14-org,   ind, f, 25, , , shona, sainani, nsw, cambewarra, 3186, 36, carlton place, , 2 98619942, 9178150, 6, NoRole
rec-262-org,   ind, f, 26, 19900723, mr, , pehlajani, qld, brandy creek, 2452, 63, beasley street, , 03 33007006, 1828784, 1, NoRole
rec-271-org,   ger, f, 37, 19790407, , emalene, baigelman, wa, jennapullin, 4218, 75, sternberg crescent, , 618 78538820, 1545067, 4, NoRole
rec-117-org,   chi, f, 34, 19820103, ms, max, qu, nsw, lemon tree, 2482, 18, blacket street, delmar, 03 53918465, 2132200, 1, NoRole
rec-326-org,   chi, , 28, 19880603, , lauren, in, qld, maroochy river, 3910, 32, ashley drive, nunkeri, 03 34435198, 8559610, 5, NoRole
rec-118-org,   eng, , 34, 19821109, ms, nicholas, , qld, felton, 6160, 45, jardine street, stonehenge, 3 07512915, 6269033, 5, NoRole
rec-365-org,   usa, f, 36, 19801125, mr, cameron, kim, vic, meeniyan, 3172, 6, bowman street, , 618 58067254, 7084062, 4, NoRole
rec-114-dup-0, eng, m, 29, , , jamuel, pulle, fic, dandenong noahth, 5022, 18, allan jtreet, , 8 33800487, 6857042, 8, NoRole
rec-292-org,   usa, f, 37, 19790815, ms, shae, james, nsw, menangle, 4701, 4345, buxton street, , 2 97668268, 2957709, 6, NoRole
rec-389-org,   ind, f, 30, 19860823, , , nanga, nsw, wattamolla, 2093, 45, buvelot street, banksia springs, 02 46320644, 9265570, 7, NoRole
rec-408-org,   usa, , 38, 19780806, dr, makenzi, conrad, nsw, moira, 3393, 189, carter crescent, , , 5160267, 5, NoRole
rec-396-org,   chi, f, , 19900222, ms, emmet, shuk, nsw, dharruk, 5152, 42, clianthus street, , 2 62163466, 9015711, 0, NoRole
rec-410-org,   unk, , 23, , , adriana, scjum, vic, nutfield, 2210, 74, bradfield street, , 618 12575249, 1666594, 6, NoRole
rec-23-org,   jap, f, 23, , , liam, kokan, tas, redpa, 2034, 17, kudyera place, , , 4339752, 4, NoRole
rec-361-dup-0, eng, , , , , hollie, simonson, vif, tower hiol, 3048, 2, grimshaw street, , 08 36160044, 7193430, 6, NoRole
rec-373-org,   ser, f, 31, 19851121, ms, jarrod, vjukic, nsw, yarrambat, 4878, 15, atherton street, , 612 19869177, 6691929, 3, NoRole
rec-398-org,   unk, m, 39, 19770217, , chelsea, aarnoudse, qld, scrub creek, 6025, 313, archibald street, court units, 03 80622164, 2950741, 1, NoRole
rec-126-org,   ind, , 25, 19910430, pfc, ruby, manavendra, vic, baddaginnie, 2567, 1, heard street, mindaree, 618 10808770, 9389045, 2, NoRole
rec-404-org,   , f, 12, 20040331, , marco, wotton, sa, flora hill, 3216, 289, nimbin street, , 617 13285313, 8872762, 2, NoRole
rec-270-org,   , f, 34, 19820207, ms, xavier, green, nsw, brocklehurst, 4570, 1, millpost close, , 02 26979967, 5231183, 4, NoRole
rec-72-org,   usa, , 31, , , daniel, oneal, sa, athelstone, 4133, 14, skardon street, , 7 07020723, 3346050, 5, NoRole
rec-17-org,   unk, , 8, 20080116, cpl, sienna, strazzari, qld, karana downs, 2848, 281, andado place, corn hill, 3 21951708, 2670932, 3, NoRole
rec-232-org,   eng, , 30, 19861126, , gracie, hallman, tas, copping, 3083, 2, giles street, , 617 33155894, 1651730, 4, NoRole
rec-96-org,   usa, , 22, 19940713, mr, luke, gonzales, sa, olympic dam, 2147, 5, earle street, , , 8599811, 1, NoRole
rec-6-org,   unk, f, , 19231111, mr, ewan, scjum, nsw, wyrallah, 2207, 255, cossington smith crescent, , 2 52041273, 3239495, 9, NoRole
rec-409-org,   usa, m, 31, 19850808, , , hensley, , north sydney, 2147, 12, messenger street, , 04 07830524, 1495568, 4, NoRole
rec-470-org,   hun, f, 6, 20100601, ms, jye, daroczy, sa, lockleys, 3046, , stanley street, nazareth village, 08 79794694, 5858562, 0, NoRole
rec-372-org,   dut, f, 31, 19850516, , michael, scheffler, wa, nedlands, 4304, 15, laker crescent, , 8 37987148, 3148785, 9, NoRole
rec-343-org,   , f, 31, 19850912, , emiily, wolfenden, qld, jaffa, 2429, 49, , , , 5416793, 3, NoRole
rec-497-org,   ser, m, , 19001128, , trey, zerec, tas, kingston beach, 2111, 48, upton street, , 617 84063373, 1511705, 6, NoRole
rec-266-org,   eng, f, 26, 19900325, , seth, bernardson, nsw, purfleet, 2085, 5, leake place, flanagan's bar, 02 15839641, 3375022, 5, NoRole
rec-465-org,   eng, f, 24, 19921103, , mikhayla, sharman, vic, peronne, 5127, 3, monkman street, , 08 79351421, 8061094, 3, NoRole
rec-35-org,   eng, , 26, 19901215, hon, ashleigh, matthewson, wa, banksia grove, , 6, beaney street, the mount, 8 31152565, 3847041, 3, NoRole
rec-106-org,   usa, f, 11, 20050930, , bethanie, summers, vic, boort, 4077, 30, hillebrand street, , 08 27886571, 6818588, 4, NoRole
rec-291-org,   fin, f, 30, 19860706, , erin, rissanen, nsw, mullingar, 5291, 4, derrington crescent, , 612 37201008, 5667843, 2, NoRole
rec-101-org,   eng, f, 33, 19830628, , jessica, attwater, nsw, matraville, 3178, 17, carbeen street, , 02 18671521, 6693790, 9, NoRole
rec-264-org,   unk, f, , 19051211, , malakai, straw, vic, somerville, 2641, 21, streeton drive, , 618 91147025, 9629584, 8, NoRole
rec-468-org,   ind, f, 35, 19810309, , bailey, dua, vic, flinders, 3616, 18, william webb drive, nioka, 618 93541059, 7597070, 3, NoRole
rec-231-org,   chi, f, 36, 19801127, , joshua, chian, , beenleigh, 2216, 4, coningham street, , 08 68587385, 9080334, 3, NoRole
rec-336-org,   , , 19, 19970514, ms, alessandra, miles, tas, swansea, 6155, 4, bougainville street, , 07 22906008, 6364100, 5, NoRole
rec-284-org,   fre, f, 30, , , kane, denot, vic, koondrook, 6147, 5, darcy close, johnflynn medical centre, 8 20215469, 3796125, 7, NoRole
rec-112-org,   usa, f, 35, 19810905, mr, sophie, baxter, nsw, dignams creek, 4300, 3, evella court, , 2 88322312, 7764109, 2, NoRole
rec-206-org,   rom, f, 8, 20080126, , kayne, Ştefan, vic, strathmore heights, 3095, 3, zox circuit, villa 5, 08 52536976, 5898811, 6, NoRole
rec-350-org,   unk, f, 9, 20070913, , joshua, aarcy, wa, cambridge gulf, 2289, 5, walker crescent, rowethorpe, 618 42748311, 8271203, 9, NoRole
rec-457-org,   ind, , 36, 19800131, , jeremy, sammeta, vic, rocklands, 4714, 764, cromwell circuit, peppercorn lodge, , 5339473, 4, NoRole
rec-4-org,   fre, f, , 19861212, , india, rollin, sa, terowie, 3461, 54, boolimba crescent, , 7 97948809, 4315232, 5, NoRole
rec-328-org,   dan, f, 12, 20040131, dr, grace, holm, , eastwood, 3913, 2, ramsay place, , 07 80605769, 8458663, 0, NoRole
rec-416-org,   jew, f, 29, 19870724, mr, annabelle, littauer, , blacktown, 2580, 3, leake place, , 04 25341208, 8167301, 7, NoRole
rec-13-org,   eng, f, 35, 19810212, dr, christopher, mcgrory, tas, rosegarland, 2145, 24, charterisville avenue, homebrook, 7 21261891, 7163266, 8, NoRole
rec-201-org,   usa, m, , 19270331, mr, isaac, duncan, vic, law courts, 2104, 4, payne place, , 618 67219291, 8228030, 5, NoRole
rec-146-org,   eng, f, 30, 19860508, , oliver, hendry, vic, newborough, 5114, 535, hamlet place, tochra, 618 53746216, 8065439, 8, NoRole
rec-316-org,   eng, , , 19541107, , mikayla, matheson, nsw, hillgrove, 2148, 52, dale place, platina, 612 42328998, 3816243, 9, NoRole
rec-463-org,   gre, , 33, 19831001, mr, james, vougiouklakis, vic, rupanyup, 2094, 42, markham street, , 618 41606069, 8021575, 8, NoRole
rec-95-org,   unk, f, 27, 19890619, , kiara, sclater, qld, coorooman, 5161, 25, florence taylor street, arrowgrove, 613 28082956, 5169002, 6, NoRole
rec-448-org,   eng, f, 34, 19820211, dr, chloe, samuels, nsw, west pymble, 3175, 45, edkins street, , 612 25397739, 9625170, 6, NoRole
rec-111-org,   chi, f, 28, 19880724, dr, jessica, keng, nsw, holroyd, 4005, 16, blandon place, , 2 65935096, 9972426, 2, NoRole
rec-390-dup-0, usa, f, 30, 19860102, ms, tho as, stanley,  a, yagoona, 3850, 29 , gellibran  street, dandegong, 764626707, 5545918, 0, NoRole
rec-335-dup-0, spa, , 22, 19940116, ms, stara, asprila, sta, maylants, 4352, 1, zoyner place, , 7 02985547, 7152795, 6, NoRole
rec-179-org,   ara, m, 29, 19870301, ms, levi, hasna, qld, burleigh heads, 5291, 29, crisp circuit, , 03 94597615, 7923404, 2, NoRole
rec-235-org,   usa, f, 10, 20060706, , , , vic, ballarat, 3195, 15, belconnen way, , 618 94949797, 5910961, 5, NoRole
rec-86-org,   usa, f, , 19960112, , mitchell, jones, wa, katanning, 2228, 188, sentry crescent, , 8 92811020, 3437163, 4, NoRole
rec-132-org,   rus, f, 30, 19860305, , jessica, volovyk, qld, dalma, 6027, 225, augustus close, , 3 04396507, 7654658, 8, NoRole
rec-449-org,   chi, f, , 19350610, ms, angus, da, wa, malaga, 3977, 15, tytherleigh street, , 08 52139027, 7837845, 1, NoRole
rec-197-org,   fin, f, 22, 19941104, , monique, laitila, nsw, toorak, 3612, 72, tyson street, , 02 81217165, 7779864, 0, NoRole
rec-190-org,   eng, f, 29, 19871111, , seth, dickenson, nsw, hollydeen, 4505, 25, meymott place, , 02 88040494, 2610811, 2, NoRole
rec-38-org,   usa, , 26, 19901215, , kelsey, mcfadden, nsw, cal lal, 4035, 20, peacock place, tintagel, 02 80773426, 9794873, 4, NoRole
rec-164-dup-0, chi, , , 19321231, ms, alana, nak, nsw, wards  iver, 5093, |, hawkesbury crescent, ellicehill este, 612 52614974, 271585 , 2, NoRole
rec-379-org,   usa, , 29, 19870713, mr, krystin, williamson, vic, strathfieldsaye, 4163, 25, allott place, , 8 55545285, 8510967, 4, NoRole
rec-90-dup-0, eng, , 33, , , tayla, abraams, , buddina, 2765, 79, albermafle place, , 04 77176575, 1729074, 5, NoRole
rec-222-org,   ind, , 29, 19871231, , emiily, preetish, wa, tampu, 6111, 130, hanna street, , 618 63264630, 7144093, 2, NoRole
rec-285-dup-0, chi, v, 28, 19880902, ms, riean, luen, fic, puln buln, 2750, 5, tyrell circuit, , 8 75931914, 5337182, 3, NoRole
rec-173-org,   eng, m, , 19691117, ms, joshua, wortham, qld, bedourie, 2153, 1, willoughby crescent, , 03 15141121, 5336156, 0, NoRole
rec-339-dup-0, usa, f, 29, 19871120, mr, matilda, zimm erman, s a, franks ton, 3806, 78 , scarboroughstreet, , 617 29590264, 2226524, 9, NoRole
rec-324-org,   eng, f, 30, 19860128, , breeanne, victorsen, vic, hawksburn, 5046, 83, mcconnel crescent, como, 618 30980261, 3960375, 8, NoRole
rec-217-org,   unk, m, 39, 19770613, , kelsey, scoby, nsw, leadville, 3850, 7, simpson street, sec 1, 612 24853465, 2594598, 1, NoRole
rec-297-org,   iri, f, 26, , , william, mcmanus, qld, south toowoomba, 6058, 162, creswell street, john flynn medical centre, 04 99809999, 2013475, 8, NoRole
rec-167-org,   usa, , 25, 19910114, , adam, holland, vic, branditt, 4031, 13, waite street, , 08 29363001, 3095047, 4, NoRole
rec-171-org,   chi, m, , 19800211, , natassia, tian, qld, ramsay, 3219, 13, courtice close, apt 1, 03 65205718, 2188347, 6, NoRole
rec-393-org,   ger, f, 26, 19901211, mr, mitchell, schlesser, qld, julatten, 2370, 6, brebner street, , 3 58521493, 1130939, 7, NoRole
rec-259-org,   chi, f, 32, 19841207, , jasmyn, zha, vic, sebastopol, 3125, 99, norris street, , 8 48052314, 5307364, 3, NoRole
rec-123-dup-0, usa, , 23, 19930806, , tyler, harpis, , glengowrie, 7327, 1, wattle syreet, , 03 50496178, 1679244, 3, NoRole
rec-184-org,   eng, f, 29, 19870723, pfc, prudence, traviss, qld, stony creek, 6147, 55, kenyon circuit, , 03 60423393, 4388420, 9, NoRole
rec-51-org,   por, m, 22, 19940927, hon, lachlan, dida, , punchbowl, 3155, 44, la perouse street, yarras est, 08 88681541, 7027809, 3, NoRole
rec-239-org,   unk, , 10, , , isabella, abadi, , noble park, 2355, 41, ashby circuit, , , 1175696, 0, NoRole
rec-420-org,   unk, m, , 19360609, ms, claudia, strawbridge, , st albans, 4504, 11, currie crescent, forestview, , 8149654, 1, NoRole
rec-278-dup-0, usa, , 24, 19920 714, dr, hayde n, sl an, sa, carina height5, 3013,  3, crocker place, , 617 21777837, 6903245, 7, NoRole
rec-5-org,   eng, f, 12, 20041121, mr, alexandra, leonardson, , macquarie fields, 3912, 19, pickworth street, st james, 04 82094241, 1016922, 0, NoRole
rec-332-org,   usa, f, 9, 20070527, , harrison, bowen, nsw, bankstown, 2535, 4, maribyrnong avenue, , 2 68616453, 9223442, 7, NoRole
rec-64-org,   eng, f, 21, 19950110, mr, helena, seaver, vic, kawarren, 2560, 11, walsh place, red hills, 8 30124766, 2537131, 5, NoRole
rec-199-org,   , , 37, 19791019, ms, jennifer, gaskin, wa, iluka, 5238, 395, cowper street, , 8 65739724, 3336562, 9, NoRole
rec-36-org,   eng, f, , , , jasper, alfredson, qld, splinter creek, 2485, 58, , ettrick, 3 06636596, 8203796, 7, NoRole
rec-214-dup-0, usa, , 29, 19870321, , kely, wilder, qld, wilkesale, 3122, 143, gundulu pkace, , 03 11350124, 5363917, 7, NoRole
rec-202-org,   , m, 36, 19800331, , caresse, moulton, qld, lamington national park, 3950, 63, strachan place, , 03 99890676, 6312651, 4, NoRole
rec-84-org,   eng, f, 34, 19820317, , jackson, blackwood, qld, ashgrove, 6021, 272, buik place, noosa outlook, 03 33813378, 2245211, 8, NoRole
rec-8-org,   usa, f, 22, 19940115, , marcus, larson, , , 4556, 23, mirning crescent, , 07 39692422, 6483499, 0, NoRole
rec-73-org,   chi, f, 28, 19880606, dr, benjamin, ueng, qld, coomoo, 6530, 33, walker crescent, , 3 62352562, 9152446, 5, NoRole
rec-66-org,   ser, f, 30, 19860217, hon, gianni, rendulic, qld, kelvinhaugh, 3909, 17, , sunnydale cottage, 3 64097189, 2471080, 9, NoRole
rec-283-org,   dut, f, 23, 19930104, , emiily, ager, qld, balcomba, 2541, 2, hart close, , 03 66968258, 2991956, 1, NoRole
rec-419-org,   eng, f, 35, 19811016, ms, tahlia, keegan, nsw, curlewis, 6237, 2, archibald street, , 02 14738594, 7914799, 8, NoRole
rec-287-org,   tha, f, 30, 19860410, , lukas, sunthorn, nsw, tomago, 2800, 6, schoales place, , 02 60768613, 3131684, 6, NoRole
rec-331-org,   usa, , 28, 19880622, , patrick, holland, vic, gheringhap, 2062, 84, bastow circuit, , 08 28365838, 4765621, 6, NoRole
rec-121-org,   usa, f, 34, 19821215, hon, charlotte, collier, tas, rosny park, 3150, 96, temperley street, lindisfarme, 7 29070825, 5219684, 2, NoRole
rec-69-org,   usa, f, 40, 19760703, , harrison, owen, nsw, salamander bay, 3922, 98, mauldon street, , 2 22093698, 5693984, 2, NoRole
rec-169-org,   ina, f, , 19011002, , charlotte, gunawan, nsw, croydon, 4662, 7, antill street, willandra, 612 77038455, 8497761, 2, NoRole
rec-369-org,   ara, f, 39, 19771225, , amber, nasihah, qld, bauhinia, 4220, 35, , , 03 64949720, 5586035, 7, NoRole
rec-251-org,   chi, f, 22, , ms, nicholas, hao, nsw, green point, 7018, 2, , , 03 43533262, 1043613, 1, NoRole
rec-352-dup-0, chi, f, 39, , , shing, kyra, vic, johnsonville, 2650, 13, millhouse crescent, , 8 05565586, 1526114, 1, NoRole
rec-414-org,   usa, f, , 19450317, mr, adam, todd, wa, brown hill, 4305, 14, temperley street, , , 5897256, 4, NoRole
rec-285-org,   chi, f, 28, 19880902, ms, ryan, luen, vic, buln buln, 2750, 5, tyrrell circuit, , 8 75931914, 5337182, 3, NoRole
rec-313-org,   , f, 29, 19870928, , julia, ryan, wa, seabird, 2335, 47, osmand street, , 8 39956858, 1360968, 6, NoRole
rec-254-org,   eng, f, 32, 19840324, dr, william, ikin, nsw, binalong, 3230, 29, kootingal street, harefield, 612 73085399, 5815378, 8, NoRole
rec-492-org,   , f, 39, 19770704, ms, adam, clarke, vic, south melbourne, 2480, 351, harford street, , 618 77524971, 4161495, 8, NoRole
rec-354-dup-0, eng, , 3 5, 19811016, , j ade, wyndham, n sw, argenton, 4870, 4, conyers street, brentw ood vlge, 02 56568875, 2062 35, 1, NoRole
rec-138-org,   eng, , , 19520614, mr, james, jephson, sa, karoonda, 4737, 9, rankine place, , 617 27472978, 6438014, 8, NoRole
rec-460-org,   eng, , 37, , , jack, harman, sa, paradise, 3000, 120, webb place, , 617 84902897, 9113376, 6, NoRole
rec-216-org,   eng, m, , 19000928, , dylan, witherspoon, vic, laanecoorie, 5127, 345, , , 08 45993889, 3259800, 2, NoRole
rec-99-dup-0, eng, f, , 19330828, , aprli, winchester, nsw, upper horton, 3260, 52, emily bulcoc crescent, swamp the, 02 68320189, 4092717, 1, NoRole
rec-149-dup-0, usa, , , 19800416, , william, kemp, , sale, 4207, 562, barracloughc rescent, , 08 27892035, 7846960, 5, NoRole
rec-348-org,   usa, f, 8, 20080822, dr, liam, everett, qld, east cooyar, 3190, 34, gipps street, woolgoolga retirement village, 3 98262418, 6149406, 3, NoRole
rec-490-org,   , , 33, 19830902, , cade, quill, vic, camberwell east, 5255, 1, wearing street, , 8 64844272, 4298128, 1, NoRole
rec-451-org,   usa, f, 32, 19840130, , casey, franco, wa, cloverdale, 6230, 32, kurrama close, , 08 08630517, 1367455, 6, NoRole
rec-407-org,   usa, f, 30, 19861209, ms, amy, lyons, nsw, narromine, 2250, 7, sanderson close, como, 02 98158793, 9243530, 9, NoRole
rec-230-org,   unk, m, , 19631101, ms, luke, aarnoudse, nsw, elands, 2203, 8, mentone view, , 02 12894814, 8766688, 3, NoRole
rec-208-org,   eng, f, , , ms, amelia, royceston, wa, ularring, 3043, 189, alexandra street, , , 5313729, 2, NoRole
rec-236-org,   eng, f, 41, 19750224, , callum, rutherfurd, nsw, mount hunter, 2099, 161, throssell street, , 2 08424941, 8856538, 6, NoRole
rec-211-org,   eng, m, 21, 19950526, , alessia, espenson, nsw, horsley, 3761, 89, dumaresq street, , 2 19182616, 8965188, 2, NoRole
rec-156-org,   eng, f, 28, 19880313, , thomas, kipling, qld, spring hill, 2794, 82, maitland street, glenmarla rmb 2563, 3 35425869, 2589409, 4, NoRole
rec-225-org,   usa, , 25, 19910605, mr, stephanie, osborn, nsw, gum scrub, 3150, 3, levien street, , 02 40093408, 4710951, 6, NoRole
rec-192-org,   eng, f, 23, 19930321, , samuel, royceston, wa, eastbrook, 2650, 21, lambrigg street, , 08 18273048, 7524325, 2, NoRole
rec-302-org,   eng, f, 37, 19791212, ms, seth, derricks, , forrestfield, 4030, 8, starke street, pinelea, 08 66506152, 6311486, 8, NoRole
rec-495-org,   chi, f, 24, , sgt, ethan, jaw, , kandos, 5172, 8, hale place, , 04 02742626, 6075556, 1, NoRole
rec-116-dup-0, chi, v, , 19160727, ms, roan, kuo, qld, bel, 7260, 23, koglin place, , 613 58801279, 5780212, 0, NoRole
rec-204-org,   eng, f, 23, 19930809, mr, blayke, pemberton, nsw, homebush bay, 2020, 11, grimwade street, , 2 59117353, 9324468, 9, NoRole
rec-486-dup-0, usa, v, 34, 19821117, , olivya, cavez, nsw, oadley, 4073, 30, tajewell circuit, , 612 36703581, 7701305, 7, NoRole
rec-327-org,   eng, f, 29, 19870121, pfc, chelsea, dennell, vic, st kilda road central, 2335, 26, pring place, , 03 63033112, 2082762, 0, NoRole
rec-75-org,   eng, f, 27, , , vendula, sangster, wa, peron, 2031, 5, clift crescent, indooroopilly shopping centr, 618 85739426, 3401140, 6, NoRole
rec-406-org,   eng, , 33, 19830311, ms, georgia, quigley, wa, bow bridge, 5017, 100, jackie howe crescent, , 08 25196836, 5266621, 6, NoRole
rec-133-org,   usa, f, 30, 19860302, , harry, sawyer, nsw, kogarah, 2643, 1, sheaffe street, ra 23076, 02 22986706, 4685833, 4, NoRole
rec-384-org,   unk, f, , 19180723, , meagan, , qld, dutton park, 2198, 36, tanumbirini street, , 3 62967562, 1204344, 2, NoRole
rec-417-dup-0, cze, m, , 19430521, , ckeelin, plaha, nstw, boral, 5070, 668, wyangala sdreet, , 2 14731407, 1730171, 6, NoRole
rec-34-org,   rom, , , 19210830, , ned, ghiŢĂ, wa, ferguson, 6160, 5, gatehouse place, kareela, 618 17358243, 9205310, 3, NoRole
rec-401-org,   unk, m, 29, 19870923, mr, thomas, aaron, , south melbourne, 2321, 4, brigalow street, , 04 77646881, 9590696, 1, NoRole
rec-71-org,   eng, f, 23, 19930830, ms, kyle, madison, vic, boondall, 2680, 11, learmonth drive, the dales, 618 38000173, 1178780, 7, NoRole
rec-31-org,   chi, f, , 19590819, pfc, oliver, shun, nsw, phegans bay, 2009, 670, warring place, oaklodge, 2 99860243, 2313425, 7, NoRole
rec-255-org,   unk, f, , 19360406, , andrew, schwanke, wa, swanbourne, 2731, 5, coranderrk street, villa 5, 08 49200763, 4450968, 2, NoRole
rec-462-org,   unk, , , 19950412, ms, carly, sckel, vic, douglas, 3066, 14, albermarle place, , 08 67547254, 5849352, 8, NoRole
rec-477-org,   unk, f, 27, 19890216, , jack, aani, wa, cundinup, 4215, 24, mackellar crescent, walungurru community, 618 18316791, 1455987, 5, NoRole
rec-149-org,   usa, , , 19800116, , william, kemp, , sale, 4207, 70, barraclough crescent, , 07 11375818, 7846060, 5, NoRole
rec-400-org,   ind, m, 28, 19880307, ms, thomas, thulasidas, vic, talbot, 3590, 40, boddington crescent, , 8 33664117, 9676252, 1, NoRole
rec-472-org,   ind, m, 22, 19940614, , carly, samit, tas, myalla, 4216, 33, glenmaggie street, , 7 37105725, 8233780, 5, NoRole
rec-479-org,   chi, m, 25, 19911129, ms, hayley, xia, vic, gladysdale, 3911, 10, malara street, , 618 68878846, 1272947, 0, NoRole
rec-429-org,   unk, f, 33, , , bryce, aaternir, nsw, cambewarra, , 11, norman street, ellwood, 612 09112429, 8124518, 3, NoRole
rec-357-org,   unk, , 31, 19850125, , daniel, scirri, wa, reservoir, 4342, 4, david street, pine hill, 618 70595676, 4836293, 4, NoRole
rec-417-org,   cze, m, , 19430521, , keelin, blaha, nsw, bowral, 5070, 668, wyangala street, , 2 14731407, 1730171, 6, NoRole
rec-493-org,   chi, m, 36, 19800329, , montana, kan, vic, lake tyers, 3629, 11, rosenthal street, ascot park, 618 60380039, 3290729, 7, NoRole
rec-157-org,   usa, f, 10, 20060819, , oakleigh, glenn, qld, coonamble, 3690, 6, howitt street, rockview, 613 66832004, 2585051, 8, NoRole
rec-248-org,   usa, , 22, 19940507, dr, jared, rivera, nsw, austinmer, 4565, 15, earle place, belgravia estate, 612 71675434, 3628292, 1, NoRole
rec-47-org,   eng, f, 30, 19860215, hon, deakin, haywood, qld, minnamoolka, 2250, 1525, kinchela crescent, , 03 77963101, 5530330, 9, NoRole
rec-19-org,   , f, 26, 19900427, , jaiden, kerkham, nsw, wedderburn, 2137, 8, cavenagh place, , 612 20814393, 6571045, 5, NoRole
rec-412-dup-0, eng, , 33, 19830908, , cle ent, sa ds, nsw, university of  ollongong, 2065, 10 , gougerstreet, , 2 15895627, 9326090, 2, NoRole
rec-315-org,   wel, f, 36, 19800419, , amy, philipes, qld, blue mountain, 6050, 518, mccabe crescent, , 03 56574630, 7795756, 0, NoRole
rec-300-org,   usa, f, 28, , , darcy, best, wa, mount claremont, 2031, 41, menkens court, hopkins view, 08 47222227, 2027197, 5, NoRole
rec-168-org,   eng, f, 29, 19870606, ms, emiily, danell, sa, croydon, 2627, 1, bibby place, , 617 68366682, 6959032, 9, NoRole
rec-186-org,   ind, , 25, 19910415, , christopher, puranjay, nsw, duri, 2076, 18, richardson circuit, , 02 75144227, 6810457, 4, NoRole
rec-68-org,   vie, m, 25, 19910726, dr, abby, huynh, nsw, birriwa, 3142, 154, burnett street, hd tickera, 08 41655451, 7263322, 8, NoRole
rec-91-org,   iri, , 37, , , lachlan, ocleirigh, nsw, naradhan, 4871, 100, glencross street, island court, 02 39264086, 7304718, 3, NoRole
rec-218-org,   ind, f, , 19730130, ms, marcus, vamshi, qld, leichhardt, 2829, 6, southwell street, eastern end, 3 68326028, 8356170, 5, NoRole
rec-380-org,   usa, m, 30, 19860712, ms, william, mckinney, nsw, noraville, 2575, 14, moorhouse street, hickeys creek, 2 92795563, 5309893, 6, NoRole
rec-385-org,   unk, f, , 19570923, ms, annabelle, stratou, qld, withcott, 3087, 48, la perouse street, , 613 62220788, 2462981, 6, NoRole
rec-333-org,   usa, m, , , , madeline, grimes, qld, silverleigh, 3040, 10, goldsworthy place, hallsville, 03 81285116, 9511389, 9, NoRole
rec-228-org,   ind, f, 22, 19940118, , jade, samit, wa, , 3130, 20, packham place, stonington, 8 82972703, 8570951, 2, NoRole
rec-349-org,   usa, f, 27, 19891014, , caleb, cain, vic, epsom, 4132, 40, rischbieth crescent, , 618 33322856, 3304504, 8, NoRole
rec-402-org,   eng, m, , 19781015, pfc, henry, macdougall, wa, west leederville, 2290, 55, badimara street, , 618 57345810, 7808562, 7, NoRole
rec-309-org,   usa, m, 28, 19880713, , kyle, hull, sa, arundel, 6720, 5, arden place, balmoral garden, 7 11886519, 1909429, 9, NoRole
rec-376-org,   eng, f, , 19901122, dr, hugo, shelby, vic, koroit, 3053, 14, burnie street, , 618 71301537, 2482403, 9, NoRole
rec-136-org,   eng, f, 22, 19940814, , dante, wyman, , cooranbong, 4153, 102, van praag place, , 08 24138144, 4497889, 1, NoRole
rec-482-dup-0, eng, , 34, 19820220, , montana, quinkey, nzw, st leonaahds, , 4, dampier cresent, , 02 02855496, 1716706, 3, NoRole
rec-263-org,   unk, m, 31, 19850330, mr, connor, aaron, nsw, laguna, 3265, 11, tatchell street, , 2 04952233, 1264880, 8, NoRole
rec-93-dup-0, sri, v, 31, 19850421, , zamie, liyanake, , lavinkton, 6233, 30, fawkner sdreet, , 04 84484491, 7196853, 6, NoRole
rec-356-org,   ind, f, 34, 19820401, , tansy, chandak, vic, carlingford, 6022, 18, hansen circuit, brokenspoke, 618 24184076, 5268932, 6, NoRole
rec-439-org,   usa, , 26, 19901106, , jackson, cummings, , surry hills, 3860, 259, duggan street, booleringa, 04 59129895, 8954615, 5, NoRole
rec-303-org,   chi, f, 21, 19950514, , adam, hei, nsw, wirrimah, 2450, 26, kulgera street, , 08 09474321, 4526281, 7, NoRole
rec-79-org,   usa, , 29, 19870622, , alessandria, lambert, vic, duncraig, 2148, 39, bowler place, loxley road, 8 73551602, 8855931, 9, NoRole
rec-399-org,   unk, m, 26, 19900510, , thomas, strapp, qld, mount luke, 3076, 7, , , 03 49552459, 1684636, 2, NoRole
rec-130-org,   usa, , 34, , , hannah, carver, tas, woodbury, 7026, 3, beaney street, chelsea house, 07 48425598, 4989644, 6, NoRole
rec-494-org,   usa, , 36, 19800222, , sophie, frazier, nsw, leeton, 7178, 59, goossens place, , 612 62498203, 8631285, 5, NoRole
rec-488-org,   ger, f, 26, 19900723, , christian, gller, wa, binduli, 3019, 50, whittell crescent, walnut grove estate, 618 33626641, 4183545, 1, NoRole
rec-473-org,   unk, f, 28, , mr, mya, scollard, qld, webb, 3152, 12, saw place, , 07 43038854, 6621380, 1, NoRole
rec-38-dup-0, usa, , 26, 19901215, , kelsey, mcfadd en, nsw, cal lal, 403 , 2 , peacock place, tintagel, 02 807 73426, 979487 3, 4, NoRole
rec-250-org,   usa, f, 30, 19861006, ms, taylor, bolton, qld, altona north, 3280, 18, bailey place, , 3 61801815, 4879956, 2, NoRole
rec-434-org,   chi, m, 25, 19910824, , robbie, jye, nsw, beaconsfield, 5061, 228, tobermorey place, , 02 43727243, 2651170, 1, NoRole
rec-240-org,   usa, f, 20, 19961027, , luke, rowland, , seven hills, 6020, 43, birrigai square, , 07 17081744, 4417659, 3, NoRole
rec-367-org,   , f, 20, 19961117, mr, holly, baddeley, qld, mulgrave, 2646, 5, moonbi crescent, house 16 pandanus park, 3 50906898, 8068972, 1, NoRole
rec-107-org,   usa, , , 19350815, , jacob, guthrie, vic, bangholme, 3977, 54, hagelthorn street, , 618 58380275, 9993720, 5, NoRole
rec-282-org,   ind, m, 30, 19860115, ms, joel, vivekanand, , oakville, 3099, 8, clement place, , 03 67119290, 6489734, 8, NoRole
rec-170-org,   usa, f, 28, 19880801, , solomon, wynn, qld, ogmore, 3055, 85, macfaull place, mount beevor, 3 56161093, 9386702, 2, NoRole
rec-25-org,   eng, f, 27, 19890307, ms, alex, mathaton, , harbord, 3095, 199, mather street, , 02 42977345, 1254837, 7, NoRole
rec-486-org,   usa, f, 34, 19821117, , olivia, chavez, nsw, oatley, 4073, 30, tazewell circuit, , 612 36703581, 7701305, 7, NoRole
rec-150-org,   eng, f, 25, 19910604, , jasmyn, sands, vic, bengworden, 3723, 24, axford place, earl haven, 8 54195993, 9818351, 5, NoRole
rec-426-org,   usa, f, , , , cameron, guthrie, nsw, meerschaum vale, , 32, beirne street, menedebri, 02 39225618, 2959995, 1, NoRole
rec-430-org,   usa, , 26, 19900716, , jack, mosley, vic, drouin, 3149, 6, garran place, macian house, 08 62016967, 6828384, 6, NoRole
rec-125-org,   eng, f, 24, 19920401, ms, lillianna, newell, wa, malmalling, 2032, 39, burara crescent, , 8 78826838, 1721353, 0, NoRole
rec-478-org,   eng, f, 9, , , jayden, witherspoon, , budgewoi, 2103, 13, humble court, cherrybank, 04 39629919, 1864722, 0, NoRole
rec-188-org,   eng, f, 34, 19821020, , gabrielle, stoddard, vic, carlton, 2222, 10, bimberi crescent, , 8 19025957, 3837119, 7, NoRole
rec-319-org,   chi, f, , 19830510, ms, alexandra, niu, nt, numbulwar, 6057, 2, james smith circuit, nootina, 613 20716599, 1753567, 2, NoRole
rec-62-org,   ser, m, , 19241016, , joshua, madzarevic, vic, murtoa, 3199, 110, twelve trees crescent, , 08 96167880, 8802435, 8, NoRole
rec-482-org,   eng, , 34, 19820220, , montanna, quincey, nsw, st leonards, , 4, dampier crescent, , 02 02855496, 1716706, 3, NoRole
rec-76-org,   chi, f, 29, 19870408, mr, alexandra, chieh, nsw, wrights beach, 7301, 17, namatjira drive, ronato, 612 64920103, 8117040, 9, NoRole
rec-54-org,   unk, m, , 19131013, , teagan, aarnoudse, , altona north, 4740, 58, herington street, , 02 44378945, 9557400, 8, NoRole
rec-119-dup-0, unk, m, 31, 19860309, , reevd, sciri, wa, neendaling, 2099, 8, kallaroo road, , 08 24773001, 6915403, 0, NoRole
rec-183-org,   chi, , 36, 19800616, , toby, zhan, qld, thornleigh, 3166, 19, collings street, , 3 94558121, 9208709, 0, NoRole
rec-147-org,   usa, f, 22, , , lillian, wilkinson, qld, rochedale, 5075, 26, robe street, kurrabri, 03 78822738, 7885575, 8, NoRole
rec-311-org,   usa, m, , 19440425, , bethany, blackwell, qld, rowville, 2799, 519, finniss crescent, , 3 72513482, 5811319, 8, NoRole
rec-48-org,   ina, , , 19500602, , ben, sutanto, vic, invergordon, 2603, 17, tyner street, hillbyrne, 03 12726901, 4576740, 6, NoRole
rec-277-org,   pol, f, 20, 19960519, , declen, dabrowski, qld, forestdale, 3150, 3, hammond close, , 3 93951778, 9829419, 0, NoRole
rec-298-org,   ara, m, 33, 19830430, dr, ellen, khatera, nsw, pallamallawa, 2480, 7, fihelly street, , 2 84220259, 1031304, 1, NoRole
rec-164-org,   chi, , , 19321231, ms, alana, mak, nsw, wards river, 5093, 1, hawkesbury crescent, ellice hill este, 612 52614974, 2715856, 2, NoRole
rec-57-org,   usa, f, 38, , , jessica, finley, vic, wendouree, 3199, 296, pierces ck, dalamar, 8 76594222, 9045802, 1, NoRole
rec-317-org,   abo, f, 41, , , imogen, tapai, sa, theodore, 2905, 61, temperley street, , 7 70013130, 5857618, 1, NoRole
rec-175-org,   usa, f, 32, 19840823, ms, chelsea, nguyen, wa, antonymyre, 3102, , verbrugghen street, , 618 02659999, 3782357, 2, NoRole
rec-50-org,   ind, , 27, 19890206, , olivia, vattikota, nsw, wallarah, 4220, 20, , , 2 58036255, 7405904, 9, NoRole
rec-339-org,   usa, f, 29, 19871120, mr, matilda, zimmerman, sa, frankston, 3806, 780, scarborough street, , 617 29590264, 2226524, 9, NoRole
rec-375-org,   usa, f, 25, 19910731, ms, emmerson, gallegos, qld, edens landing, 2295, 30, prior place, tongul, 03 49758913, 7178490, 4, NoRole
rec-273-org,   unk, f, , 19451119, , harley, aaberg, nsw, raymond terrace, 4215, 12, heagney crescent, lindfield place, 2 08204533, 2469540, 2, NoRole
rec-123-org,   usa, , 23, 19930806, , tyler, harris, , glengowrie, 7307, 6, wattle street, , 03 50426178, 1679244, 3, NoRole
rec-108-org,   chi, , 30, 19860212, , mark, ouyang, nsw, pelton, 3057, 75, maxworthy street, , 2 44024931, 9424985, 4, NoRole
rec-103-org,   rom, f, 30, 19861105, , charlotte, kogalniceaunu, sa, cronulla, 6163, 28, yolla place, mindaree, 7 37229439, 3854965, 4, NoRole
rec-310-org,   wel, , 23, 19930402, ms, max, abernethy, vic, tidal river, 3976, 13, bamford street, sec 21, 618 74765991, 4651160, 9, NoRole
rec-329-org,   eng, f, 23, 19930829, , caitlin, daniell, , smithtown, 2821, 26, dumas street, up the back, 03 35627831, 7533397, 8, NoRole
rec-415-org,   usa, , 19, 19971102, , matteus, hall, , deniliquin, 2902, 36, buvelot street, , 02 60512478, 3130303, 7, NoRole
rec-304-org,   ita, m, 29, , mr, rosie, palminteri, sa, armidale, 4051, 27, kelleway avenue, , 02 09249940, 2664505, 1, NoRole
rec-124-org,   usa, , , , , cameron, marquez, nsw, springfield, 4055, 20, anketell street, , 612 75401339, 6144815, 4, NoRole
rec-483-org,   usa, f, , 19120519, , ethan, bonner, vic, greendale, 6058, 82, aspinall street, broadford, 618 22573381, 2511489, 1, NoRole
rec-245-org,   usa, f, , 19020922, ms, chelsea, hooper, nsw, elanora heights, 4680, 172, watt place, , 612 49237476, 5901186, 2, NoRole
rec-362-org,   eng, , 38, 19781109, mr, sarah, gibb, vic, rokeby, 3188, 957, marquet retreat, , , 5502317, 1, NoRole
rec-205-org,   pak, , 26, 19901122, , benjamin, khonkar, tas, penna, 2212, 45, coranderrk street, sec 1, , 7375407, 2, NoRole
rec-49-org,   eng, m, , 19261116, , kristo, hardwick, nsw, nashdale, 5214, 2, prell place, , 2 69389987, 2665787, 8, NoRole
rec-194-org,   unk, , , 19721123, , oliver, scime, nsw, fiddletown, 3356, , rymill place, , 612 16333820, 2419188, 7, NoRole
rec-257-org,   usa, , 24, , , charlotte, walter, nt, ti tree, 5268, 123, vowles road, kilwinning, 3 76543380, 6155086, 7, NoRole
rec-61-org,   unk, f, , 19211209, , bradley, scollard, qld, allenstown, 2830, 52, cashion court, , 3 18981147, 6214782, 0, NoRole
rec-371-org,   chi, m, 32, 19840227, ms, samuel, kan, qld, binningup, 4101, 81, allambee street, bella dona, 03 58159224, 1448653, 4, NoRole
rec-256-org,   afr, f, 13, 20030129, , ethan, kabongo, qld, mount marshall, 2261, 10, st john crescent, keralta, 613 02148663, 4129533, 1, NoRole
rec-352-org,   chi, f, 30, , , kyra, shing, vic, johnsonville, 2605, 13, millhouse crescent, edellen, 8 05565586, 1526114, 1, NoRole
rec-274-org,   unk, f, 24, 19920212, dr, joshua, scopel, nsw, running stream, 3995, 72, brough place, donore, 612 50521054, 2684760, 1, NoRole
rec-113-org,   eng, f, 11, 20051003, , taylor, babcock, nsw, grabben gullen, 2443, 11, clare dennis avenue, loma langie, 02 64528293, 8396017, 9, NoRole
rec-145-org,   usa, , 20, 19960420, , harrison, lai, nsw, pennant hills, 2614, 12, leibnitz place, greenslopes, 2 71573196, 6881335, 8, NoRole
rec-185-org,   chi, , 28, 19881031, ms, jaimee, fang, vic, coragulac, 2126, 16, veal place, , 8 68449503, 1512993, 7, NoRole
rec-116-org,   chi, f, , 19160727, ms, rohan, guo, qld, bell, 7260, 23, coglin place, , 613 58801279, 5780212, 0, NoRole
rec-115-org,   chi, m, 10, 20060916, ms, talia, wong, sa, burnside, 2423, 1, jarrahdale street, urambi vlge, 07 17755165, 7991697, 4, NoRole
rec-55-org,   unk, f, 26, 19900610, , rupert, abadi, nsw, richmond hill, 3134, 28, kay place, , , 2116581, 3, NoRole
rec-159-org,   eng, f, 8, 20080110, ms, georgia, seaver, nsw, nymagee, 4670, 68, , glenmore, 2 02456273, 1011486, 5, NoRole
rec-52-org,   nor, m, 35, 19810130, ms, tom, solbakken, vic, mountain gate, 4012, 36, musgrave street, , 8 32371034, 9253653, 2, NoRole
rec-215-dup-0, por, f, , 19980826, sgt, sam el, feijo, vic, tec oma, 2 00, 41, totterdell street, , 08 54 19477, 52152 4, 6, NoRole
rec-21-org,   eng, f, , 19430218, dr, tommy, mcgrory, nsw, wallendbeen, 2318, 71, ellerston avenue, , , 3268947, 1, NoRole
rec-475-org,   vie, , 27, 19890501, , andrew, do, qld, guanaba, 3717, 114, baume crescent, settle downs, 613 06610001, 9378789, 9, NoRole
rec-152-org,   hun, f, 32, 19840514, , lauren, lajtos, , currajong, 2096, 42, wandoo street, , , 2857510, 7, NoRole
rec-355-org,   afr, , 30, 19861202, , emma, kebede, , wongaling beach, 4800, 53, riordan street, , 03 73028931, 5939375, 9, NoRole
rec-3-org,   fre, , 19, , hon, katelin, grelot, , ashfield, 2095, 10, grace place, wombinoo station, 04 16257038, 4599175, 5, NoRole
rec-397-org,   ind, m, , 19361007, , jack, ujjwal, qld, west rockhampton, 2026, 8, morgan crescent, calliope caravan park, 613 76682494, 9308444, 8, NoRole
rec-289-org,   fre, f, 8, 20080901, , holly, fiere, vic, inglewood, 3152, 46, wrenfordsley place, , 8 01159554, 4396203, 9, NoRole
rec-484-org,   usa, f, 33, , , petreece, terrell, , blacktown, 2101, 249, jansz crescent, , 04 23828213, 2778385, 1, NoRole
rec-97-org,   usa, f, 28, 19880217, , ky, oliver, vic, goroke, 3280, 67, severne crescent, , 8 28120937, 1154245, 9, NoRole
rec-15-org,   chi, , , 19930822, , jay, ly, nsw, eastwood, 6210, 6, mccormack street, struan hse, , 9667322, 8, NoRole
rec-301-org,   hun, m, , 19990530, ms, william, balzar, wa, indee, 4740, 16, mackellar crescent, , 618 60643633, 9208190, 5, NoRole
rec-99-org,   eng, f, , 19330828, , april, winchester, nsw, upper horton, 3206, 5, emily bulcock crescent, the swamp, 02 68320189, 4092717, 1, NoRole
rec-166-org,   usa, m, , 19360817, , amber, padilla, nsw, koorawatha, 3186, 29, watkins street, marriott downs, 2 29433242, 2058095, 6, NoRole
rec-469-org,   eng, f, 31, 19850512, , william, stoddard, nsw, moonee beach, 7015, 67, sulman place, bara park, 612 70227981, 4587413, 5, NoRole
rec-172-org,   unk, f, , 19410614, , jade, scjum, , belmont north, 2158, 31, lempriere crescent, , 07 36090512, 9591020, 3, NoRole
rec-119-org,   unk, m, 30, 19860319, , reeve, scirri, wa, neendaling, 2099, 8, kallaroo road, kooyong, 08 24773001, 6915403, 0, NoRole
rec-428-org,   eng, , 33, 19830214, mr, daniella, fairclough, qld, windermere, 5461, 40, chewings street, , 3 98137561, 9276271, 1, NoRole
rec-63-dup-0, usa, , 28, 19880620, , taniel, whidley, ns, krowdy head, 4209, 33, sttrathgordon court, , 2 45379682, 5104499, 9, NoRole
rec-67-org,   unk, f, , 19110101, , erin, abat, vic, elwood, 6028, 20, lorne place, , , 7613725, 1, NoRole
rec-354-org,   eng, , 35, 19811016, , jade, wyndham, nsw, argenton, 4870, 4, conyers street, brentwood vlge, 02 56568875, 2062035, 1, NoRole
rec-458-org,   unk, , , 19431013, , emiily, scjum, sa, panorama, 2068, , nullagine street, , 7 99475165, 2911481, 5, NoRole
rec-195-org,   unk, f, 23, 19930608, ms, zoe, scollard, qld, west haldon, 4556, 22, goldner circuit, , 3 85218481, 5327168, 9, NoRole
rec-388-org,   ser, f, 11, 20051014, hon, sonja, maluta, vic, willung south, 3071, 100, wylde place, medical centre, , 7626188, 5, NoRole
rec-249-org,   unk, f, 23, 19930921, , stephanie, abbitt, nsw, mosman, 6255, 39, banks street, , 02 34265138, 6807846, 1, NoRole
rec-1-org,   usa, f, 32, 19840928, ms, ruben, fischer, vic, werribee, 2800, 5, thomas hart street, , 8 39409705, 9761649, 8, NoRole
rec-229-org,   usa, f, 31, 19850115, ms, noah, ward, qld, laverton, 6210, 31, hutchison crescent, clanoc cottage, 613 60623396, 7127685, 2, NoRole
rec-456-org,   usa, m, , 19340722, , alexandra, henry, vic, kalbar, 3153, 138, mckillop circuit, , 618 26874803, 7224614, 2, NoRole
rec-224-org,   chi, , 21, 19950701, , chase, sha, , vaucluse, 7315, 5, magrath crescent, , 08 40028772, 2672705, 7, NoRole
rec-161-org,   usa, , 29, 19871104, , trinity, page, nsw, lurnea, 4505, 37, blair street, , 02 15209359, 6287189, 0, NoRole
rec-242-org,   abo, f, 31, 19850705, , grace, goolagong, nsw, mount pritchard, 3051, 41, james smith circuit, hilltop view motel, 2 59584956, 6371415, 7, NoRole
rec-92-org,   usa, f, , 19600717, ms, kiria, turner, wa, dampier peninsula, 2217, 21, chandler street, shelbourne woodstock, 618 77622987, 4007246, 3, NoRole
rec-109-org,   usa, m, , 19261005, ms, amy, parrish, nsw, brogo, 4570, 21, deamer crescent, tintagel, 612 01451852, 8556376, 3, NoRole
rec-405-org,   chi, , 33, 19830126, dr, hannah, tau, vic, houston, 4069, 17, barada crescent, wallaces ck, 618 60835171, 5621893, 4, NoRole
rec-127-org,   eng, f, 25, 19911020, mr, erin, dennell, wa, duncraig, 4215, 15, fox place, , 02 34975572, 3994865, 8, NoRole
rec-11-org,   chi, f, 21, 19951009, , ainsley, bing, wa, wubin, 7249, 48, roope close, rowethorpe, , 7304975, 0, NoRole
rec-162-org,   ind, f, 38, 19781005, , clodagh, gaekwad, qld, ayr, 2206, 56, downard street, kings apmts, , 7788322, 5, NoRole
rec-377-org,   ind, f, , 19850627, , catherine, lalit, wa, redmond, 5501, 7, wirangu place, bristin, 618 66219574, 2880978, 7, NoRole
rec-22-org,   ira, m, 41, 19750228, , ella, heidari, , dianella, 3028, 6, fiveash street, , 02 42993609, 1808590, 4, NoRole
rec-41-org,   sri, , 6, 20100202, , gabriel, kaluantharana, sa, flinders park, 2672, 28, gosse street, , 7 34291864, 3372517, 6, NoRole
rec-487-org,   eng, , 43, 19730617, mr, zachary, rowntree, qld, currajah, 6025, 96, christmas street, , 02 40690268, 3545455, 7, NoRole
rec-445-org,   usa, f, 33, 19831021, , madeline, cruz, vic, wiseleigh, 2299, 121, tom roberts avenue, , 618 16709220, 8190758, 7, NoRole
rec-154-org,   ser, , 13, 20030207, , georgia, jakupovic, nsw, fullerton, 4800, 10, skeats street, langley flats, 2 51105646, 9609221, 8, NoRole
rec-453-org,   usa, f, , 19890804, , connor, willis, qld, cronulla, 4520, 307, petterd street, , 3 36574416, 9933028, 6, NoRole
rec-425-org,   usa, f, 22, 19941110, , jackson, greer, vic, richmond, 2761, 48, hazel street, little tinana, 8 94678656, 5725829, 1, NoRole
rec-308-org,   pak, , 21, 19951008, ms, cooper, bhutto, vic, mildura, 4218, 105, hinkler street, , 8 76897246, 3629842, 1, NoRole
rec-260-org,   eng, f, 30, 19860201, , ryleh, lund, , highton, 3130, , stephens place, golden oaks village, 03 89425481, 5863736, 1, NoRole
rec-399-dup-0, unk, m, 2 , 19900510, , thomas, str pp, qld, moun  luke, 3076, 7, , , 0349552459, 16846 6, 2, NoRole
rec-366-org,   unk, f, 28, 19880909, mr, georgia, scirri, , campbelltown, 2259, 67, dixon drive, , 02 93702581, 9556277, 9, NoRole
rec-70-org,   rus, f, , 19090214, , brinley, tkachenko, nsw, nashdale, 2229, 459, von guerard crescent, , 02 95879373, 2014827, 6, NoRole
rec-83-org,   chi, f, 37, 19791229, , jordan, dzwo, qld, kamerunga, 2534, 35, endeavour street, , 3 59529933, 6413110, 3, NoRole
rec-29-org,   rus, , 38, 19781130, , benjamin, kuzenkova, , barwon heads, 4650, 3, nimbin street, , 04 24224565, 3829993, 3, NoRole
rec-131-org,   usa, f, 35, 19811124, ms, mitchell, wilkinson, tas, riana, 3067, , kemsley place, , 617 08520636, 7137438, 4, NoRole
rec-265-org,   unk, f, 7, 20091221, , alisa, strapp, nsw, hannam vale, 3139, 67, inglis place, , 02 68159245, 4187941, 2, NoRole
rec-454-org,   ger, f, 13, 20030401, , lauren, knopf, sa, lewiston, 5112, 64, strangways street, , 617 46807959, 6651961, 8, NoRole
rec-233-org,   ind, f, 22, 19940511, , joshua, subramanium, , nunawading, 2084, 4, haydon drive, , 02 24579646, 2177035, 2, NoRole
rec-213-org,   unk, , 32, , , harrison, scime, act, richardson, 4812, 34, martley circuit, spring creek, 2 75893581, 5096045, 3, NoRole
rec-163-org,   por, f, 21, 19950722, , benjamin, zonta, sa, noarlunga centre, 4680, 71, mandurah place, killarney cottage, 617 17331945, 9365274, 1, NoRole
rec-94-org,   usa, f, 25, 19910407, , emma, skinner, qld, laidley north, 0810, 16, marulda street, south retreat, 3 71831192, 7538114, 0, NoRole
rec-498-org,   afg, f, 24, 19921001, , alexander, afridi, nsw, wellington, 3163, 11, rubbo crescent, , , 5121621, 1, NoRole
rec-489-org,   usa, f, 27, 19890221, , madison, walls, vic, mansfield, 3068, 1, learmonth drive, yarrabee, 618 50642225, 8787878, 6, NoRole
rec-438-org,   cze, f, 29, 19870218, ms, sarah, ruzicka, vic, moggs creek, 7009, 709, fisken crescent, rosetta village, 8 60590435, 1114330, 2, NoRole
rec-280-org,   eng, f, 41, 19750225, , jasmyn, sergeant, sa, rostrevor, 6004, 121, clarey crescent, , 07 79723715, 8885032, 9, NoRole
rec-100-org,   rom, f, 34, 19820316, ms, thomas, dragomir, qld, , 5062, 19, riddell court, , 3 31537927, 2823100, 9, NoRole
rec-40-org,   ind, m, 26, 19900330, ms, patrick, odhrani, vic, carapook, 2160, 504, ern florence crescent, , 8 48789525, 6635838, 8, NoRole
rec-252-org,   chi, , 31, 19850913, , bailey, hoong, qld, durong south, 3825, 5, crisp circuit, , 613 46788531, 7386682, 6, NoRole
rec-433-org,   , , , 19961017, , sam, campbell, vic, tangambalanga, 3350, 4, ambalindum street, , , 5351210, 5, NoRole
rec-43-org,   ser, f, 33, 19830602, , samuel, cackovic, qld, tuan forest, 3523, 13, hopkins street, silverdale south, 03 02015219, 7741168, 9, NoRole
rec-345-dup-0, unk, , 40, 19761219, , ella, scope l, nsw, belmon  south, 6151, 70 0, ellerston avenue, , 612 6236 6386, 924 9325, 2, NoRole
rec-442-org,   usa, f, 19, 19970201, , hayden, pruitt, tas, hampshire, 4880, 2, walsh place, carrington garden, 617 81319640, 1250017, 2, NoRole
rec-81-org,   usa, f, 29, 19870502, , hayden, noel, nsw, seaforth, 3206, 48, blamey crescent, , 02 39863193, 7399832, 2, NoRole
rec-386-org,   afr, m, 29, 19871108, ms, deakin, bakouma, qld, kincora, 6059, 5, cochrane crescent, , 03 56833606, 8079423, 5, NoRole
rec-323-org,   eng, , 40, , , arki, leonardson, vic, speed, 3844, 327, murranji street, red hill fruit, 08 58947451, 1140893, 7, NoRole
rec-370-org,   sri, f, , 19150610, , jessica, leelani?, nsw, moorooka, 3912, 25, foveaux street, , 2 49756183, 6197478, 4, NoRole
rec-299-org,   ger, , , 19821009, , bianca, beutel, nsw, nunawading, 2299, 61, , gulmarg, 02 34190285, 6748438, 3, NoRole
rec-128-org,   usa, f, 28, , , jade, tucker, nsw, limeburners creek, 4128, 21, forbes street, myross, 2 66672719, 4394552, 4, NoRole
rec-127-dup-0, eng, f, 25, 19911020, mr, erij, dennelul, wa, dunchraig, 4215, 15, fox pkace, , 02 34975572, 3994855, 8, NoRole
rec-444-org,   eng, m, , 19790714, , livia, michaels, nsw, sutton forest, 3121, 20, sambell place, woodleigh, 04 71257593, 4595720, 1, NoRole
rec-85-org,   rom, f, 29, 19870203, , lachlan, mechitbayeva, qld, simmie, 2800, 144, tipiloura street, , 613 48104688, 3441739, 8, NoRole
rec-418-org,   eng, f, , , , jett, christophers, wa, bentley, 3678, 1, de little circuit, , 08 76670273, 6168254, 6, NoRole
rec-98-org,   chi, f, 24, 19920612, ms, laetitia, , nsw, creswick, 3046, 18, mckenzie street, the manor garden, 2 89967883, 2148803, 4, NoRole
rec-153-org,   por, f, , 19710812, , emiily, , sa, st morris, 4807, 1, o'neill street, , 7 88930892, 3549156, 5, NoRole
rec-480-org,   usa, , 25, 19911222, , keziah, perkins, qld, cape moreton, 5019, 64, whitelegge close, , 613 75309186, 3585080, 9, NoRole
rec-441-dup-0, eng, v, 10, 20061231, , kyl, kylej, , hazelood park, 3011, 4, blamey krescent, , 03 70367631, 9169817, 6, NoRole
rec-345-org,   unk, , 40, 19761219, , ella, scopel, nsw, belmont south, 6151, 700, ellerston avenue, , 612 62366386, 9249325, 2, NoRole
rec-353-org,   unk, f, 30, 19860123, , hannah, scofield, wa, parkeston, 4718, 101, chevalier street, , 08 88834595, 8968333, 5, NoRole
rec-46-dup-0, chi, , 26, 19850825, , dyan, jye, , hollydeen, 2305, 59, karrugang cbircuit, , 612 19846333, 2435790, 2, NoRole
rec-238-org,   usa, m, 32, 19840713, hon, sophie, kelly, vic, mossiface, 2099, 61, hicks street, goodradigbee, 618 62542120, 2087718, 0, NoRole
rec-246-org,   pak, , , 19811126, , victoria, khosa, qld, palmerston, 2330, 61, harrison street, elmar ranch, 3 76136647, 2377108, 7, NoRole
rec-344-org,   unk, f, 31, 19850414, , thomas, strapp, qld, mount garnet, 4030, 44, rivett street, , 04 40605044, 6454899, 5, NoRole
rec-305-org,   ind, f, , 19711120, ms, zac, raichandani, vic, summer hill, 2205, 27, dutton street, lenaroy, 08 54787759, 8652819, 2, NoRole
rec-361-org,   eng, , , , , holly, simonson, vic, tower hill, 3048, 22, grimshaw street, , 08 36160044, 7193340, 6, NoRole
rec-346-org,   ger, f, 24, 19920504, ms, bethany, bracher, vic, wallace, 4570, 3, ellerston avenue, , 08 73387738, 1104756, 3, NoRole
rec-94-dup-0, usa, f, 25, 19910407, , ema, stkinner, qld, laidley nordh, 0810, 16, marulda sttreet, sout retreat, 3 71831192, 7538114, 0, NoRole
rec-360-org,   fin, f, 32, 19840430, , megan, pihlajamaa, vic, skipton, 3040, 106, sharp place, , 618 20978878, 2956963, 0, NoRole
rec-368-org,   vie, f, 39, 19770312, ms, alexia, toai, nsw, east albury, 5018, 5, bonrook street, , 08 92585721, 6421818, 5, NoRole
rec-139-org,   eng, f, 22, 19940815, , amy, yong, qld, coppabella, 3142, 13, vickery street, , 613 58840915, 2178753, 0, NoRole
rec-105-org,   unk, f, 20, 19960228, ms, kayla, strawbridge, , the basin, 4069, 30, euree street, gssm, 02 42281210, 9640040, 6, NoRole
rec-440-org,   vie, f, 30, 19860421, , luke, nguyentan, nsw, palm beach, 6020, 130, , , 07 97025799, 2866916, 4, NoRole
rec-306-org,   unk, f, 21, 19950316, , jayden, abadi, vic, south morang, 3174, , launceston street, , 08 07365511, 2305147, 3, NoRole
rec-140-org,   unk, f, 30, 19860815, , cain, streich, wa, elermore vale, 5070, 73, leason close, kimbad, 08 59924211, 5933979, 7, NoRole
rec-366-dup-0, unk, v, 28, 19880909, mr, keorgia, sciahri, , camppelltown, 2259, 67, dixon drife, , 02 93702581, 9556277, 9, NoRole
rec-30-org,   unk, , 22, 19940724, ms, levi, abbitt, vic, white hills, 5076, 23, knoke avenue, , 04 01890821, 3352969, 3, NoRole
rec-9-org,   chi, m, , 19410406, , ella, jyau, nsw, cambewarra, 2540, 3, may maxwell crescent, , 612 39083818, 1649899, 2, NoRole
rec-467-org,   usa, , 35, 19810629, mr, bella, zimmerman, wa, wanneroo, 6275, 5, , , 8 85066816, 4849086, 5, NoRole
rec-33-org,   chi, f, 19, 19970125, mr, seanna, ow, qld, nearum, 7170, 3, phillip avenue, , 613 85001790, 4813258, 5, NoRole
rec-459-org,   unk, , 26, 19900618, , aaron, aarnoudse, nsw, burrill lake, 3055, 92, mccubbin street, eriswell park, 612 02094124, 7745077, 0, NoRole
rec-412-org,   eng, , 33, 19830908, , clement, sands, nsw, university of wollongong, 2065, 109, gouger street, , 2 15895627, 9326090, 2, NoRole
rec-63-org,   usa, , 28, 19880620, , daniel, whitley, nsw, crowdy head, 4209, 33, strathgordon court, , 2 45379682, 5104499, 9, NoRole
rec-452-org,   chi, f, 20, 19960816, , georgia, juang, vic, moorooka, 4109, 79, dowthwaite street, , , 2689620, 2, NoRole
rec-281-org,   usa, f, 20, 19960715, ms, jacynta, knowles, vic, craigieburn, 4113, 308, yalgan place, , 08 47606383, 9102056, 3, NoRole
rec-104-org,   ind, f, 32, 19840529, ms, kyle, rege, , rosevears, 3149, 50, endeavour street, yarrabee, 08 63168447, 3297225, 2, NoRole
rec-227-org,   unk, f, , 19440825, mr, wil, scogin, vic, kardella, 4715, 218, fawkner street, , 618 91978524, 4490254, 9, NoRole
rec-322-org,   usa, , 26, 19900406, , hayden, greer, nsw, dawes point, 2031, 3, chandler street, karma park, 02 69487260, 5613806, 8, NoRole
rec-318-org,   ser, f, 26, 19900519, hon, ethan, gluhic, nsw, balgowlah, 4055, 88, kirkwood crescent, flowery dell, 02 68135014, 7474911, 8, NoRole
rec-427-org,   ind, , 27, 19891216, mr, sonja, rangnekar, vic, lake boga, 4214, 627, wilson crescent, tamarama, 08 00095550, 5909145, 1, NoRole
rec-468-dup-0, ind, f, 35, 19810309, , pailey, tua, vic, flinderst, 3616, 18, illiam webb drive, niocka, 618 93541059, 7597070, 3, NoRole
rec-241-org,   usa, f, , 19520128, , charlotte, monroe, nsw, brooklyn, , , , 2nd hse lhs, 2 38165431, 9575038, 1, NoRole
rec-317-dup-0, abo, f, 4l, , , imoge , tapai, sa, theodo e, 2905,  1, temperley street, , 7 70013 30, 5857618, 1, NoRole
rec-269-org,   eng, f, , 19140623, , ryan, hanley, nsw, griffith, 2121, 11, william wilkins crescent, home vale, 02 48626612, 2428980, 7, NoRole
rec-338-org,   eng, f, 23, 19930812, , karissa, roydon, vic, peregian beach, 2287, 9, parnell place, , 02 94467151, 4507562, 5, NoRole
rec-53-org,   eng, , 24, 19921222, , brody, attwater, nsw, raleigh, 2444, 127, gask place, , 2 11236140, 7081679, 3, NoRole
rec-165-org,   usa, f, 26, 19900912, , joel, rios, sa, crafers, 3165, 1, bosworth circuit, worro downs, 03 83567214, 5639426, 2, NoRole
rec-431-org,   eng, f, , 19421105, pfc, liam, snyders, nsw, taylors arm, 4714, 4, freda bennett circuit, oxley's way, 08 92175397, 6176364, 9, NoRole
rec-293-org,   unk, f, 27, 19890215, , zachary, stranger, qld, netley, 3825, 66, langridge street, , 03 84459152, 8762504, 1, NoRole
rec-134-org,   fin, f, 27, 19890629, mr, tiana, niemi, nsw, milsons passage, 2535, 61, dawar place, , 02 35171997, 7075015, 0, NoRole
rec-221-org,   afg, f, 28, 19880111, , philip, safi, vic, melbourne, 4207, 6, stapylton street, , 618 06153464, 2114402, 3, NoRole
rec-436-org,   eng, f, , 19800530, , melissa, fairburn, vic, mount pleasant, 4101, 36, longmore crescent, , 8 28249645, 2414219, 5, NoRole
rec-358-org,   chi, f, 23, 19930926, mr, lucas, zheng, wa, kirk rock, 2148, 82, julia flynn avenue, , 08 84204174, 4552113, 6, NoRole
rec-110-org,   unk, f, , 19040226, , takara, aakre, vic, tucabia, 2256, 67, , , 618 66780750, 9965966, 1, NoRole
rec-200-org,   ira, f, 27, 19890305, , montanna, hashemian, sa, peterhead, 4802, 63, victoria street, old dairy, 07 18440112, 9550991, 0, NoRole
rec-158-org,   usa, f, 26, 19900922, mr, claire, wilder, vic, lang lang, 6210, 9, hallen close, , 8 66447888, 7331341, 5, NoRole
rec-422-org,   , , 26, 19900924, ms, emiily, white, vic, jarklin, 3187, 27, , sect 341, 04 84553875, 5709125, 0, NoRole
rec-489-dup-0, usa, f, 27, 19890221, , madidon, wallg, vic, mansfield, 3068, 4, learmobth drive, yarrabee, 618 50642225, 8787888, 6, NoRole
rec-320-org,   chi, f, 10, 20060220, , adela, tang, sa, butler, 3088, 4, arabana street, sundown motor vill, 617 99777804, 2695143, 6, NoRole
rec-395-org,   iri, m, 30, , dr, mia, quirk, vic, malvern east, 2093, 33, , maroona park, 08 88556345, 8883382, 9, NoRole
rec-337-org,   unk, , , 19030822, , madeline, scorsone, vic, garden city, 3350, 462, landsborough street, , 618 77590714, 5059705, 1, NoRole
rec-391-org,   eng, , 31, 19850802, ms, cassandra, hopson, nsw, toukley, 6054, 26, euroka street, , 2 51757967, 5128908, 8, NoRole
rec-364-org,   unk, , , 19450914, , jaykob, abat, qld, kensington, 5023, 113, biddlecombe street, , 03 55602729, 1300962, 6, NoRole
rec-411-org,   unk, , 36, 19801224, , samuel, scofield, vic, mount martha, 6059, 19, boolee street, , 08 75949943, 3079219, 7, NoRole
rec-261-org,   chi, f, , 19040819, , monique, deng, qld, millbank, 2164, 23, ainslie avenue, , 03 86764901, 5963557, 1, NoRole
rec-455-org,   unk, m, 37, 19790525, , james, scirri, vic, diggers rest, 2226, 30, sherlock street, , 08 05527812, 6006894, 8, NoRole
rec-267-org,   , f, 29, 19870929, ms, chelsea, white, wa, mount burges, 4350, 11, woronora street, rocor, 08 93750924, 5754307, 3, NoRole
rec-413-dup-0, unk, , 10, 2006041 , , imogen, sc um, nsw, strathalbyn, 3136, q, yarrabee, glenr ay, 02 70626879, 6431 148, 8, NoRole
rec-476-org,   ind, m, 30, 19861108, , alex, shamsher, nsw, pyrmont, 2250, 16, hattersley court, , 2 09474029, 6366619, 7, NoRole
rec-276-org,   unk, f, 26, 19900403, , nathan, strapp, nsw, wollar, 2902, 20, ebden street, glenview, 02 04347495, 9695422, 6, NoRole
rec-0-org,   chi, f, 29, 19870916, , william, sheng, qld, pindi pindi, 3146, 3, bradfield street, , 03 73588852, 3582289, 4, NoRole
rec-151-org,   eng, m, 30, 19860715, mr, dayna, irving, , clayton, 2018, 1, goulburn street, , 07 16585118, 7043222, 1, NoRole
rec-268-org,   unk, f, 36, 19800105, , daniel, scofield, vic, kelmscott, 4551, 5, lampard circuit, , 8 09119635, 5343434, 6, NoRole
rec-351-org,   spa, f, , 19410106, ms, wade, mayoral, tas, paradise, 4818, 16, nanima road, piney range, 07 40083188, 8504856, 1, NoRole
rec-90-org,   eng, , 33, , , taylor, abrahams, , buddina, 2765, 76, albermarle place, , 04 77176575, 1720074, 5, NoRole
rec-341-org,   , , 32, 19840215, , brooklyn, rees, qld, esk, 2282, 14, macalister crescent, , 03 16513496, 4331369, 2, NoRole
rec-80-org,   sri, f, 33, 19830416, , samantha, corea, nsw, rufus river, 3188, 16, ballumbir street, , 02 58507596, 6327172, 2, NoRole
rec-481-org,   tur, f, 30, 19860624, , alexandra, bedreddn, vic, kennington, 5600, 39, clemenger street, strauss, 618 85849677, 9211305, 5, NoRole
rec-378-org,   unk, , 29, 19870210, , hayley, scopel, qld, mount crosby, 4507, 40, wellington street, rosetta village, 613 94176399, 1696506, 1, NoRole
rec-129-org,   ina, f, 28, 19880609, , daniel, gunawan, vic, noojee, 4825, 10, amagula avenue, berkeley vlge, 618 61190843, 5798567, 7, NoRole
rec-314-org,   , m, 33, 19830316, , lucy, george, , casula, 2126, 280, turriff street, barwon station, 04 50732582, 6918512, 4, NoRole
rec-198-dup-0, ger, m, , 19010514, , jessie, bayefl, s, maitland, 2138, 431, woollum dtreet, , 07 62423937, 4218836, 1, NoRole
rec-473-dup-0, unk, , 28, , mr, may, scollard, qld, pwebb, 3155, 13, saw place, , 07 43038854, 6621380, 1, NoRole
rec-39-org,   ger, , 13, 20031221, , joshua, wedding, nsw, ballimore, 2075, 133, mortlock circuit, , 2 40398558, 7005081, 6, NoRole
rec-124-dup-0, usa, , , , , kameron, markuez, nstw, springvield, 4055, 20, anketell ztreet, , 612 75401339, 6144815, 4, NoRole
rec-246-dup-0, pak, , , 19811126, , viktoria, kosa, qld, palmersdon, 2330, 61, harrison strit, elmar rankh, 3 76136647, 2377108, 7, NoRole
rec-234-org,   ina, f, , 19210301, , james, sutanto, nsw, surrey hills, 2007, 1, burramurra avenue, , 612 62367605, 1757448, 0, NoRole
rec-307-org,   eng, , , 19691120, , dylan, mcgrory, vic, tamleugh west, 2131, 2, gooromon ponds road, carrington retirement, 8 07295971, 1651242, 7, NoRole
rec-27-dup-0, dut, f, 21, 19951026, , lill an, pietersen, wa, wal pole, 231 , 81, duterrau c rescent, , 8 97714589, 19279 8, 3, NoRole
rec-196-org,   ind, f, , , ms, caitlin, gutta, nsw, lake wyangan, 5010, 10, ridley street, congreave court, 612 65065611, 2656817, 0, NoRole
rec-392-org,   , m, 28, , , brigette, frnklin, wa, siesta park, 3500, 54, lingiari court, goldenvale farm, 618 36513094, 5765786, 1, NoRole
rec-330-org,   usa, f, , 19761205, ms, jory, robbins, vic, mepunga, 6725, 5, morgan crescent, parkvale, 8 27314188, 9244180, 5, NoRole
rec-135-org,   eng, , 30, 19860625, , jack, rupertson, qld, flying fish point, 3620, 104, endeavour street, , 03 81859847, 6762665, 7, NoRole
rec-312-org,   unk, f, 35, 19811026, dr, joshua, aaron, nsw, kurri kurri, 6021, 68, boronia drive, ingrove, 612 08504610, 4855757, 0, NoRole
rec-446-org,   eng, m, 8, 20081008, , harry, bonney, vic, poowong, 6172, 49, priestley place, , 618 21526557, 3141566, 9, NoRole
rec-82-org,   afg, m, 26, 19900525, ms, jack, sayed, qld, devereux creek, 2263, 6, hattersley court, sundown motor vill, 3 54820690, 3229593, 4, NoRole
rec-340-org,   ita, f, 36, 19800102, ms, courtney, briatore, nsw, windang, 5063, 16, strickland crescent, , 612 66900207, 1126601, 6, NoRole
rec-219-org,   eng, f, , 19361001, ms, jasper, melville, wa, northam, 5085, 87, dakin place, , , 8088748, 7, NoRole
rec-137-dup-0, usa, , 3q, 19820202, , aidyn, cochran, ns w, bunda ra, 6023, 2, cordeaux street, tom ry, 02 10759402, 89 82567, 2, NoRole
rec-237-org,   eng, f, 22, , pfc, fergus, , sa, myponga, 6525, 42, mcculloch street, , 617 71568726, 9380615, 0, NoRole
rec-198-org,   ger, m, , 19010514, , jessie, bayerl, sa, maitland, 2148, 431, woollum street, , 07 62423937, 4218863, 1, NoRole
rec-496-org,   unk, f, 42, 19741031, , lucy, sciacca, act, greenway, 3228, 3, rosebery street, , 2 37229635, 6155232, 7, NoRole
rec-26-org,   gre, f, 28, 19880524, , isabella, anastasopoulos, nsw, llangothlin, 4807, 189, mcmaster street, , 612 14517897, 8113324, 2, NoRole
rec-160-org,   , , 30, 19860204, ms, jaiden, matthews, sa, blackwood, 2630, 41, , nuffield village, 617 67562427, 9104346, 7, NoRole
rec-144-org,   chi, f, 32, , , jared, yan, vic, colac, 3280, 13, black street, cressbrook, 618 38741489, 7524378, 0, NoRole
rec-180-org,   usa, , 28, 19880415, , jai, leonard, wa, kauring, 5235, 25, forwood street, , 08 57840642, 8224375, 0, NoRole
rec-471-org,   vie, , 27, , , amber, phong, nsw, eumungerie, 2020, 41, maribyrnong avenue, wandary hill, 2 25114909, 8345518, 7, NoRole
rec-223-org,   cze, f, 26, 19900428, , joshua, harivischak, vic, wahgunyah, 6069, 5, kett street, , 618 89370150, 3652376, 2, NoRole
rec-60-org,   eng, , 30, , , lynae, donalds, nsw, mount pritchard, 4013, 10, chirnside circuit, hounbank, 612 05059931, 2185287, 7, NoRole
rec-142-org,   ina, f, 29, 19870429, mr, eliza, kurniawan, qld, mooga, 7051, 9, balamara street, homeland caravan park, 03 53234041, 5964082, 1, NoRole
rec-226-org,   eng, , 27, 19891212, , ellen, anthonyson, sa, hampstead gardens, 2153, 1, newlop street, bonniview, 617 33285924, 1554589, 2, NoRole
rec-88-org,   ind, m, 26, 19900913, , joshua, sachi, , montmorency, 3137, 12, kennedy street, , 07 33063488, 8040592, 0, NoRole
rec-32-org,   chi, f, 27, 19890725, mr, ruby, chien, wa, narraloggan, 3885, 17, archibald street, seldon, 8 47683347, 2779307, 7, NoRole
rec-342-org,   pak, f, 30, 19860614, , sophie, tator, wa, brown range, 2577, 23, astrolabe street, prospect creek, 8 47718206, 2734841, 1, NoRole
rec-137-org,   usa, , 34, 19820202, , aidyn, cochran, nsw, bundarra, 6023, 2, cordeaux street, tomary, 02 10759402, 8982567, 2, NoRole
rec-466-org,   eng, , , 19490101, , sarsha, appleton, nsw, wang wauk, 2296, 235, maconochie crescent, mansfield park, 612 89101854, 1750404, 3, NoRole
rec-77-org,   usa, f, 29, 19870209, ms, stephanie, peck, vic, kilmany, 6158, 25, scrivener street, , 8 18616933, 2219836, 2, NoRole
rec-450-org,   eng, f, 31, 19850920, hon, lushia, sniders, nsw, patonga, 3198, 72, seaborn place, , 2 84340313, 8728476, 2, NoRole
rec-275-org,   chi, f, 33, 19830327, , angelica, pong, qld, sunset, 2261, 64, pennefather street, , 03 74782841, 7020843, 3, NoRole
rec-45-org,   unk, f, , 19051219, , stephanie, strawbridge, , minchinbury, 3197, 18, , , 08 19314444, 4909330, 0, NoRole
rec-191-org,   eng, f, , 19641112, , rohan, merrickson, vic, prahran, 2145, 4, twelve trees crescent, zeevoo, 08 02168697, 4090009, 7, NoRole
rec-87-org,   , f, 10, 20060628, , lachlan, waterlander, nsw, halfway creek, 3153, 27, crossley close, , 08 38338279, 7620079, 1, NoRole
rec-27-org,   dut, f, 21, 19951026, , lillian, pietersen, wa, walpole, 2319, 81, duterrau crescent, , 8 97714589, 1927968, 3, NoRole
rec-447-org,   unk, f, 21, 19951115, pfc, tess, abbitt, sa, clarence gardens, 2024, 7, erldunda circuit, tesbury, 07 74372648, 6269344, 7, NoRole
rec-20-org,   wel, f, 24, 19920726, mr, montana, roch, nsw, clarence, , 1, bland place, , 02 85390270, 6878610, 9, NoRole
rec-114-org,   eng, m, 29, , , samuel, bulle, vic, dandenong north, 5022, 18, allan street, , 8 33800487, 6857042, 8, NoRole
rec-243-org,   abo, f, 30, 19860427, ms, lachlan, goolagong, nsw, carrington, 2297, 64, halford crescent, , 02 04468448, 2919304, 5, NoRole
rec-102-org,   usa, , , 19441005, ms, ebony, glass, vic, scotts creek, 3153, 118, chewings street, , 8 36532422, 4672812, 2, NoRole
rec-288-org,   eng, , 29, 19870804, , lewis, winterbottom, , lismore, 4220, 14, notting court, , 07 70784382, 6690047, 3, NoRole
rec-413-org,   unk, , 10, 20060413, , imogen, scjum, nsw, strathalbyn, 3136, 4, yarrabee, glenray, 02 70626879, 6431148, 8, NoRole
rec-207-org,   cze, f, 25, 19911023, , nicholas, ruzin, vic, gillieston, 5045, 7, mckeahnie street, , 08 01739029, 2384658, 6, NoRole
rec-148-org,   usa, f, 24, 19920123, , gabrielle, hill, wa, mueller ranges, 2800, 2, bentham street, , 8 29763664, 6396591, 0, NoRole
rec-143-org,   unk, f, 34, 19821006, , hugo, abat, vic, blackburn south, 2041, 1087, monaro crescent, , , 4979128, 1, NoRole
rec-394-org,   vie, m, 21, , , emmerson, trinh, wa, kalumburu, 5008, 32, lanley square, , 08 07285685, 4563522, 4, NoRole
rec-58-org,   eng, f, 25, 19910203, mr, robert, cocks, vic, indented head, 2630, 177, kenyon circuit, , 08 31980223, 2188883, 0, NoRole
rec-74-org,   ser, , 29, 19870629, dr, daniel, teresak, wa, strathalbyn, 3018, 64, meehan garden, villa 5, 8 94229449, 9682280, 9, NoRole
rec-278-org,   usa, , 24, 19920714, dr, hayden, sloan, sa, carina heights, 3013, 93, crocker place, , 617 21777837, 6903245, 7, NoRole
rec-12-org,   ser, , 23, 19930127, dr, alia, zivoinovic, vic, blackburn north, 6104, 726, wolff crescent, glenworth, 618 18755902, 4078409, 5, NoRole
rec-209-org,   unk, f, 29, , , sophie, abbondandola, nsw, teven, 6432, 6, callaghan street, , 2 18778388, 6725086, 0, NoRole
rec-177-org,   chi, f, 37, , , caitlin, ssu, vic, fish creek, 2250, 739, lyne place, , 618 94231343, 7474781, 9, NoRole
rec-290-org,   eng, , 33, 19831111, mr, indyana, proudfoot, qld, kolonga, 4655, 74, pridham street, elston, 3 96443076, 3903612, 1, NoRole
rec-56-org,   unk, f, , 19960727, , ellie, aballon, qld, vinegar hill, 2572, 103, manifold place, st francis vlge, 03 67213504, 2378202, 5, NoRole
rec-396-dup-0, chi, f, , 19900222, ms, emme , shu k, ns , dhar uk, 5152, 4 , clianthus street, , 2 62163466, 9015711, 0, NoRole
rec-187-org,   usa, m, 22, 19940709, ms, ebonie, peters, nsw, bygalorie, 3201, 75, mcgowen close, summer hill, 02 21860080, 1998438, 8, NoRole
rec-390-org,   usa, f, 30, 19860102, ms, thomas, stanley, sa, yagoona, 3850, 291, gellibrand street, dandegong, 7 64626707, 5545918, 0, NoRole
rec-423-org,   eng, m, 32, 19840731, , annika, danell, vic, , 3616, 87, balsillie crescent, tigers hill, 8 48050713, 3421550, 1, NoRole
rec-374-org,   usa, f, , 19351126, ms, caitlin, mcclure, vic, bell post hill, 7258, 66, federal highway, rosetta village, 8 70289147, 9242555, 0, NoRole
rec-258-org,   eng, f, 23, 19931222, ms, chloe, linwood, nsw, wiangaree, 2073, 1, cowan street, linvale, 2 47273232, 5431673, 4, NoRole
rec-279-org,   eng, , 33, 19831120, mr, mackenzie, quick, vic, kanumbra, 2114, 10, limestone avenue, , 08 34798710, 1107416, 4, NoRole
rec-347-org,   usa, m, , 19021128, ms, jacinta, cummings, nsw, spicers creek, 3677, 63, allambee street, , 2 04368289, 9780520, 0, NoRole
rec-122-org,   eng, f, , 19420929, mr, joshua, haward, wa, toodyay, 2062, 5, canberra avenue, , 618 03309040, 3866063, 6, NoRole
rec-474-org,   unk, , 26, 19900609, , isabella, abbitt, tas, robigana, 6148, 13, maygar street, oreel, 617 55024985, 5711370, 6, NoRole
rec-42-org,   usa, f, , 19661206, , darcy, foster, vic, westmeadows, 2487, 74, baudin street, pine hill, 08 79589296, 2486510, 5, NoRole
rec-10-org,   usa, f, , 19001116, , cameron, carr, nsw, allynbrook, 5097, 11, , glenearra, 02 20468807, 4968505, 9, NoRole
rec-189-org,   unk, m, 23, 19931112, mr, brooke, scolastique, vic, elmore, 4350, 6, knight place, , 04 62297335, 1075967, 4, NoRole
rec-244-org,   gre, f, 30, 19861129, , molly, karageorgiou, nsw, walmer, 4051, 17, berry street, wallcliffe medical centre, 02 44768011, 9556250, 2, NoRole
rec-334-org,   usa, , 25, 19910620, , mikayla, palmer, vic, penguin, 3620, 55, shortland crescent, denmore, 618 17073897, 4024476, 0, NoRole
rec-178-org,   usa, f, 24, 19920921, , alexandra, hicks, vic, mitchell park, 2261, 6, bastow circuit, retirement village, 04 96051868, 4770478, 1, NoRole
rec-16-org,   ind, f, 6, 20101213, , jake, shahraj, qld, collaroy, 7011, 57, franc place, ferndale, 3 79245001, 8328027, 2, NoRole
rec-432-org,   afr, f, 27, 19891026, mr, sarah, , sa, auburn, 4560, 8, keverstone circuit, , 7 77858785, 9751500, 7, NoRole
rec-461-org,   ser, f, 26, 19900315, , latham, radul, qld, east barron, 4121, 24, robson street, , 3 44637102, 1194310, 2, NoRole
rec-464-org,   ser, m, 27, 19890825, , liam, sipran, qld, upper brookfield, 6061, 40, gymkhana road, , 3 58473509, 2541811, 4, NoRole
rec-485-org,   unk, , 19, 19970205, , hannah, scirri, nsw, gerroa, 3074, 4, windeyer street, highfields medical centre, 02 00135641, 5787240, 6, NoRole
rec-403-org,   vie, f, 24, 19920227, , campbell, lam, nsw, tumbarumba, 6108, 36, rohan street, pontresina, 02 03304990, 3819185, 7, NoRole
rec-381-org,   unk, f, 20, 19960524, , blake, scollard, vic, mentone, 2617, 35, guginya crescent, , 618 33565938, 4001701, 2, NoRole
rec-382-org,   ind, , 34, 19820622, , matthew, ratnasabapathi, vic, corunnun, 3752, 7, cambage street, waiweer, 08 17632992, 9526047, 6, NoRole
rec-421-org,   unk, , 13, 20030527, mr, caitlin, scoby, nsw, the ponds, 6110, 179, musgrave street, , 02 79796680, 7160249, 8, NoRole
rec-335-org,   spa, , 22, 19940116, ms, sara, asprilla, sa, maylands, 4352, 1, joyner place, , 7 02985547, 7152795, 6, NoRole
rec-286-org,   eng, f, 28, 19880711, , lachlan, bloxam, nsw, pimlico, 2902, 223, tasmania circle, dryburgh cottage, 02 25817377, 5699231, 5, NoRole
rec-373-dup-0, ser, f, 31, 198511 1, ms, ja rod, vjukic, nsw, yarrambat, 487 8, 15, atherton street, , 612 198 9177, 669|929, 3, NoRole
rec-44-org,   ind, f, 27, 19890308, , amy, ramaswami, , ellinbank, 2041, 25, warrumbul street, , 02 72262239, 2253146, 2, NoRole
rec-296-org,   unk, f, 34, 19820806, , shenae, aarnoudse, vic, dreeite, 3225, 17, novar street, sun city resort, 618 05995613, 4189898, 6, NoRole
rec-141-org,   usa, f, 13, 20030518, ms, jessica, fry, vic, cora lynn, 6330, 4, burnie street, , 08 87973153, 4965894, 9, NoRole
rec-272-org,   unk, m, 27, 19890922, , micaela, abbondandola, qld, nobby beach, 3186, 12, baskerville street, , 3 46959199, 3460773, 6, NoRole
